K-Touch,K-Touch T619,1778,201206
K-Touch,K-Touch W619,1630,201006
K-Touch,K-Touch E62,1225,200806
K-Touch,K-Touch T619+,1186,201206
K-Touch,K-Touch C208,912,
K-Touch,K-Touch T60,595,
K-Touch,K-Touch A7718,579,201006
K-Touch,K-Touch A7711,526,200806
K-Touch,K-Touch C216,525,201006
K-Touch,Z2008,484,
K-Touch,K-Touch C986t,452,201306
K-Touch,K-Touch V209,403,
K-Touch,K-Touch T85+,389,
K-Touch,K-Touch C256,352,
K-Touch,K-Touch E500,347,200906
K-Touch,K-Touch C208+,345,
K-Touch,K-Touch E606,323,
K-Touch,K-Touch A908,294,200806
K-Touch,K-Touch W95/K-Touch W98,285,
K-Touch,B920,262,200706
K-Touch,K-Touch W719,260,201206
K-Touch,K-Touch T210,250,
K-Touch,K-Touch U86,249,201306
K-Touch,K-Touch W68,245,201306
K-Touch,A930,234,200706
K-Touch,K-Touch T789,218,201306
K-Touch,K-Touch W655,209,
K-Touch,K-Touch B2200,203,200806
K-Touch,K-Touch Kis 7,201,
K-Touch,A635,185,200706
K-Touch,K-Touch M610,178,200906
K-Touch,K-Touch A906,174,200706
K-Touch,K-Touch W806+,172,201206
K-Touch,K-Touch A7713,171,200806
K-Touch,G6305,170,
K-Touch,K-Touch D90,169,200906
K-Touch,K-Touch T760,169,
K-Touch,K-Touch Touch 3,167,201206
K-Touch,K-Touch W70/W71,164,
K-Touch,K-Touch S5,157,201306
K-Touch,K-Touch A7712,150,200806
K-Touch,K-Touch W700,149,201106
K-Touch,K-Touch M628,146,
K-Touch,K-Touch T780+,145,
K-Touch,K-Touch W621,142,
K-Touch,K-Touch C235,138,201006
K-Touch,K-Touch A901,137,200706
K-Touch,K-Touch W806,137,201206
K-Touch,K-Touch E379,132,200906
K-Touch,K-Touch A788,132,
K-Touch,K-Touch T621,130,
K-Touch,K-Touch W650,130,201206
K-Touch,K-Touch T85,129,
K-Touch,K-Touch U6,127,
K-Touch,K-Touch W688,126,201206
K-Touch,K-Touch C201,117,201009
K-Touch,K-Touch T6,116,
K-Touch,K-Touch E619,115,201306
K-Touch,K-Touch A909,114,
K-Touch,B922,109,200806
K-Touch,K-Touch A927,108,200806
K-Touch,K-Touch U81t,108,
K-Touch,K-Touch A905,107,200706
K-Touch,K-Touch T91,106,
K-Touch,K-Touch T99,105,
K-Touch,K-Touch T580,103,201206
K-Touch,K-Touch A108,102,
K-Touch,K-Touch S787,101,
K-Touch,K-Touch T73,99,
K-Touch,K-Touch X90,99,200906
K-Touch,K-Touch A990,98,200806
K-Touch,Z2006,98,
K-Touch,K-Touch A1600,94,200806
K-Touch,K-Touch A7726,89,200806
K-Touch,K-Touch T569,88,
K-Touch,K-Touch W710,87,201206
K-Touch,Z2501,85,
K-Touch,K-Touch A5116,83,200806
K-Touch,K-Touch U10,80,
K-Touch,K-Touch A995,80,200906
K-Touch,K-Touch S757,78,
K-Touch,K-Touch T780,77,
K-Touch,Z2009,77,
K-Touch,K-Touch N77,75,200906
K-Touch,K-Touch N650,74,200806
K-Touch,K-Touch C258,74,
K-Touch,A650,73,200706
K-Touch,K-Touch C718,73,
K-Touch,K-Touch T109,73,
K-Touch,K-Touch D780C,72,
K-Touch,K-Touch T96,71,
K-Touch,K-Touch D8600,71,201206
K-Touch,K-Touch L810,71,
K-Touch,K-Touch W760,71,201206
K-Touch,K-Touch T586,71,
K-Touch,K-Touch V9,66,201206
K-Touch,K-Touch E50,65,200706
K-Touch,K-Touch A969,65,200806
K-Touch,K-Touch T590,62,201006
K-Touch,K-Touch E8,62,
K-Touch,K-Touch V206,61,200906
K-Touch,K-Touch D5600,60,
K-Touch,K-Touch V760,60,200906
K-Touch,K-Touch A902,59,200706
K-Touch,K-Touch U7,56,201206
K-Touch,K-Touch S002,56,
K-Touch,K-Touch A608,56,200806
K-Touch,K-Touch W306,54,
K-Touch,A612,53,200706
K-Touch,K-Touch S980,52,201006
K-Touch,K-Touch V908,52,200706
K-Touch,K-Touch W700+,52,201106
K-Touch,K-Touch W91/W92,51,
K-Touch,K-Touch A1680,51,200806
K-Touch,K-Touch U2,51,201106
K-Touch,K-Touch W689,50,
K-Touch,G6301,49,
K-Touch,K-Touch T87+,48,
K-Touch,K-Touch Tou ch3w,47,
K-Touch,K-Touch H1c,47,
K-Touch,K-Touch L920,47,201412
K-Touch,K-Touch A7719,46,200806
K-Touch,K-Touch W780,46,201206
K-Touch,K-Touch E688,45,
K-Touch,K-Touch U9,45,201206
K-Touch,K-Touch A660,45,200806
K-Touch,K-Touch Touch 2,45,201406
K-Touch,K-Touch W68a,44,
K-Touch,K-Touch W658,44,201206
K-Touch,K-Touch W656,43,201306
K-Touch,K-Touch B2202,42,200806
K-Touch,G86,42,200706
K-Touch,K-Touch B2020,42,200906
K-Touch,K-Touch B2033,41,200906
K-Touch,K-Touch A935,41,200806
K-Touch,K-Touch Kiss 3w,41,
K-Touch,K-Touch A630,40,200806
K-Touch,K-Touch Q10,40,201106
K-Touch,A992,39,200706
K-Touch,K-Touch A936,39,200906
K-Touch,K-Touch C810,38,
K-Touch,K-Touch U90,38,201306
K-Touch,K-Touch C350,36,200806
K-Touch,K-Touch E99,36,
K-Touch,K-Touch A982,36,200806
K-Touch,K-Touch A193,34,200806
K-Touch,K-Touch T93,34,
K-Touch,K-Touch Tou ch 2c,34,
K-Touch,K-Touch E88,34,201306
K-Touch,K-Touch D92,34,200906
K-Touch,K-Touch U83t,34,
K-Touch,K-Touch Kiss 5w/K-Touch Kiss 7w,34,
K-Touch,K-Touch W366,33,201006
K-Touch,K-Touch A610,33,200806
K-Touch,K-Touch E780,33,
K-Touch,K-Touch A508,33,
K-Touch,K-Touch W619a,32,
K-Touch,K-Touch V968,32,200906
K-Touch,B851,32,200706
K-Touch,Z2505,31,
K-Touch,K-Touch E51,30,200706
K-Touch,G6303,30,
K-Touch,K-Touch T61,30,
K-Touch,K-Touch M600,30,200906
K-Touch,K-Touch V958,29,200806
K-Touch,Z2303,29,
K-Touch,K-Touch T290,29,201006
K-Touch,Tianyu B832,28,
K-Touch,K-Touch B909,28,201106
K-Touch,K-Touch V850,28,
K-Touch,K-Touch N2200,27,200806
K-Touch,K-Touch D780,27,200806
K-Touch,K-Touch W88,27,
K-Touch,K-Touch U520,27,
K-Touch,K-Touch A5112,27,200806
K-Touch,K-Touch C280,27,200806
K-Touch,K-Touch W316,27,
K-Touch,K-Touch C700,26,200806
K-Touch,A912,26,200706
K-Touch,K-Touch L820c,25,
K-Touch,K-Touch Q30,25,
K-Touch,K-Touch W680,25,201206
K-Touch,K-Touch C207,25,200806
K-Touch,K-Touch D788,25,200906
K-Touch,Z2205,24,
K-Touch,K-Touch T566,24,201006
K-Touch,D702,24,200706
K-Touch,K-Touch W606,23,201006
K-Touch,K-Touch V8,23,201206
K-Touch,K-Touch E806,23,201206
K-Touch,K-Touch M606,22,200906
K-Touch,K-Touch B2030,22,200806
K-Touch,K-Touch E78,22,
K-Touch,K-Touch D1150,22,201006
K-Touch,B928,22,200706
K-Touch,G6302,22,
K-Touch,K-Touch T800,22,201206
K-Touch,K-Touch S990,22,
K-Touch,K-Touch D179,21,200906
K-Touch,K-Touch E329,21,200906
K-Touch,K-Touch A510,21,200806
K-Touch,B926,21,200706
K-Touch,A615,21,200706
K-Touch,K-Touch N2202,21,200806
K-Touch,K-Touch U8,20,
K-Touch,K-Touch L820,20,
K-Touch,K-Touch D5800,19,
K-Touch,K-Touch Kiss 2,19,201306
K-Touch,K-Touch T556,18,
K-Touch,K-Touch E656,18,201306
K-Touch,K-Touch M608,18,200906
K-Touch,K-Touch W800,18,201206
K-Touch,K-Touch E339,18,
K-Touch,K-Touch V310,18,200906
K-Touch,K-Touch E621,18,
K-Touch,K-Touch Touch 1,17,201406
K-Touch,D175,17,200706
K-Touch,K-Touch W808,17,201106
K-Touch,Tianyu B836,17,
K-Touch,K-Touch E60,16,200706
K-Touch,K-Touch A901C,16,200906
K-Touch,K-Touch E67,16,
K-Touch,K-Touch T81,16,
K-Touch,K-Touch V816,16,200906
K-Touch,K-Touch E88A/K-Touch E88B,16,
K-Touch,B925,16,200706
K-Touch,K-Touch Kiss 2w,15,
K-Touch,K-Touch V918,15,200706
K-Touch,A915,14,200706
K-Touch,B899,14,200706
K-Touch,K-Touch C205,14,200806
K-Touch,K-Touch A651,14,200706
K-Touch,Z2300,14,
K-Touch,E62,14,200806
K-Touch,K-Touch N930,14,
K-Touch,K-Touch D781,13,
K-Touch,Sky Voice U5,13,
K-Touch,Tianyu S658,13,
K-Touch,D187,13,200706
K-Touch,K-Touch T810,13,
K-Touch,S966,13,200806
K-Touch,K-Touch Tou ch 2,12,
K-Touch,K-Touch A903,12,200706
K-Touch,G6501,12,
K-Touch,K-Touch G188,12,
K-Touch,D171,12,200706
K-Touch,K-Touch W886,12,
K-Touch,K-Touch S998,11,
K-Touch,K-Touch Tou ch 2s,11,
K-Touch,K-Touch A308,11,
K-Touch,K-Touch NM1,11,
K-Touch,K-Touch D183,10,200706
K-Touch,A933,10,200706
K-Touch,Sky Voice K599,10,
K-Touch,K-Touch W309,10,
K-Touch,K-Touch A5118,10,200806
K-Touch,G6500,10,
K-Touch,A620,10,200706
K-Touch,K-Touch M618,10,
K-Touch,K-Touch E369,10,
K-Touch,K-Touch A929,9,200806
K-Touch,D173,9,200706
K-Touch,A689,9,200706
K-Touch,K-Touch D95,9,
K-Touch,D170,8,200706
K-Touch,K-Touch Tou ch3c,8,
K-Touch,K-Touch A662,8,200906
K-Touch,K-Touch B818,8,
K-Touch,K-Touch ES65,8,200806
K-Touch,Tianyu B835,8,
K-Touch,A626,8,200706
K-Touch,K-Touch S988,8,200906
K-Touch,K-Touch A5110,8,200806
K-Touch,K-Touch D153,8,200806
K-Touch,K-Touch W686,8,
K-Touch,B890,7,200706
K-Touch,K-Touch A7720,7,201006
K-Touch,K-Touch B2022,7,
K-Touch,K-Touch D782,7,201006
K-Touch,C258,7,
K-Touch,B892,7,200706
K-Touch,A622,7,200706
K-Touch,A690,7,200806
K-Touch,S965,7,200706
K-Touch,Tianyu S550,7,
K-Touch,K-Touch V988,7,200806
K-Touch,K-Touch B5010,7,200806
K-Touch,A909,7,200706
K-Touch,Tianyu B811,7,
K-Touch,K-Touch Tou ch3ws,7,
K-Touch,B891,7,200706
K-Touch,K-Touch D1100,7,201006
K-Touch,B895,7,200706
K-Touch,K-Touch A969C,7,200906
K-Touch,K-Touch D182,7,200706
K-Touch,K-Touch A192,7,200806
K-Touch,A916,7,200706
K-Touch,A906,7,200706
K-Touch,B860,7,200606
K-Touch,K-Touch E63,7,200906
K-Touch,Tianyu B816,7,
K-Touch,Z2005,7,
K-Touch,K-Touch Kiss 4w,7,
K-Touch,Z2201,7,
K-Touch,K-Touch E7,7,
K-Touch,K-Touch M730,7,201006
K-Touch,K-Touch B5200,7,
K-Touch,K-Touch T800C,7,
K-Touch,K-Touch E55,7,200806
K-Touch,K-Touch A907,7,200706
K-Touch,K-Touch C868,7,
K-Touch,K-Touch D210,7,200906
K-Touch,Tianyu Q768,7,
K-Touch,K-Touch D7750,7,
K-Touch,K-Touch N612,7,200806
K-Touch,K-Touch A906C,7,200806
K-Touch,K-Touch S830,7,201006
K-Touch,K-Touch V98,7,200906
K-Touch,K-Touch Touch 3w,7,201406
K-Touch,G6205,7,
K-Touch,D185,7,200706
K-Touch,K-Touch B2011,7,
K-Touch,B880,7,200706
K-Touch,K-Touch A7716,7,
K-Touch,Z2002,7,
K-Touch,K-Touch D1110,6,201006
K-Touch,K-Touch C218,6,200806
K-Touch,S960,6,200706
K-Touch,K-Touch T72,6,
K-Touch,Tianyu B819,6,
K-Touch,Sky Voice i300,5,
K-Touch,Tianyu A699,5,
K-Touch,K-Touch V320,5,200906
K-Touch,K-Touch T230,5,201006
K-Touch,Tianyu B833,5,
K-Touch,D186,5,200706
K-Touch,Sky Voice G116,4,
K-Touch,K-Touch Kiss 1,4,201306
K-Touch,S962,4,200806
K-Touch,K-Touch D700,4,200706
K-Touch,K-Touch Tou ch3s,4,
K-Touch,K-Touch S717,4,
K-Touch,K-Touch A905C,4,200906
K-Touch,H8,3,
K-Touch,K-Touch N922,3,200806
K-Touch,K-Touch A6168,3,
K-Touch,K-Touch D93,3,200906
K-Touch,K-Touch D159,3,
K-Touch,K-Touch D788C,3,
K-Touch,K-Touch H2,3,201605
K-Touch,K-Touch A939,2,200806
K-Touch,K-Touch Tou ch 5c,2,
K-Touch,A695,2,200706
K-Touch,K-Touch B5020,2,200806
K-Touch,K-Touch D6150,2,
K-Touch,K-Touch V818,2,200906
K-Touch,K-Touch D773,2,200906
K-Touch,K-Touch Touch 1s,2,
K-Touch,Tianyu A610,1,
K-Touch,S515,1,200806
K-Touch,B921,1,200706
K-Touch,Tianyu A609,1,
K-Touch,S961,1,
K-Touch,K-Touch C500,1,200806
K-Touch,K-Touch Tou ch3es,1,
K-Touch,B858,1,200706
K-Touch,K-Touch Touch 2c,1,
K-Touch,K-Touch B5011,1,200806
K-Touch,K-Touch A5115,1,200806
K-Touch,B896,1,200706
K-Touch,S586,1,200806
