ZTE,ZTE-U X850,2226,
ZTE,ZTE-U V880,1569,
ZTE,V891,1536,
ZTE,U817,1508,201306
ZTE,Z5 mini2(NX403A/NX403D),1335,
ZTE,U807,1206,201306
ZTE,V889D,1177,201206
ZTE,U288,1146,201601
ZTE,U790,1078,
ZTE,V956,1020,201306
ZTE,V818,970,201306
ZTE,Z5S(NX503A),954,
ZTE,ZTE-T U236,929,
ZTE,ZTE-T U880,893,
ZTE,NX503J/NX504J/NX505J/NX506J/NX507J,838,
ZTE,V9180,827,
ZTE,AD3812,810,
ZTE,MF637U,763,
ZTE,V893M/K97,753,
ZTE,ZTE-U V880+,741,
ZTE,L530G,741,201406
ZTE,MF200,726,
ZTE,U795,631,201206
ZTE,N918St(V5 S),591,
ZTE,ZTE-U E850,585,
ZTE,Z5S,584,
ZTE,ZTE-G S302,555,
ZTE,Kis Q,510,
ZTE,S221,503,
ZTE,ZTE-T U960s,488,
ZTE,U889,449,201206
ZTE,U793,447,201306
ZTE,V987,423,201306
ZTE,V955,407,201206
ZTE,NX508J/NX509J/NX510J/NX511/NX512J,382,
ZTE,ZTE U880s,374,
ZTE,N958St/N918St,367,
ZTE,V967S,361,201306
ZTE,ZTE-G S512,357,
ZTE,U809,356,201306
ZTE,V889M,338,201206
ZTE,MF612,329,
ZTE,NX505J,325,
ZTE,ZTE-T U280,325,
ZTE,Q802T,318,201406
ZTE,ZTE-T U235B,309,
ZTE,V788D,294,201206
ZTE,V889S,288,201306
ZTE,G601U,283,
ZTE,L580,274,201501
ZTE,ZTE-T U281,274,
ZTE,Q503U,269,201306
ZTE,M901C,265,201403
ZTE,MF190,264,
ZTE,Q705U,256,201406
ZTE,U960E,251,201406
ZTE,U880E,250,201206
ZTE,U950,246,201206
ZTE,ZTE-T U722,233,
ZTE,V970,232,201206
ZTE,U819,228,201306
ZTE,S2002,227,
ZTE,Q101T,227,201306
ZTE,ZTE-U V960,227,
ZTE,U930HD,223,201206
ZTE,ZTE-G S202,222,
ZTE,ZTE-T U721,215,
ZTE,V889F,213,201206
ZTE,S291,204,
ZTE,ZTE-T U232,201,
ZTE,UNITEL R221S,197,
ZTE,U968,197,201306
ZTE,N958Sc/N918Sc,195,
ZTE,Z768G,186,
ZTE,G720T,184,201501
ZTE,U879,179,201306
ZTE,V965,176,201306
ZTE,ZTE-U F116c,175,
ZTE,N986,173,201306
ZTE,Q505T,173,201405
ZTE,U930,171,201206
ZTE,F955,171,
ZTE,ZTE-T U208,169,
ZTE,Q509T,169,201406
ZTE,N909D/N799D/G717C/D286,166,
ZTE,U960s2,164,201306
ZTE,ZTE-T U812,162,
ZTE,V893M/K97/F231/V9180/N9180,162,
ZTE,U791,158,201206
ZTE,V969/V5S,146,
ZTE,ZTE-T U200+,145,
ZTE,Q801U,143,201406
ZTE,ZTE-G S213,134,
ZTE,Movistar Urban,129,
ZTE,N958St(V5 MAX),125,
ZTE,Blade V320/Blade V5 Lux/N918St,123,
ZTE,ZTE-G R221,123,
ZTE,U816,120,201406
ZTE,BASE Lutea 2,119,
ZTE,ZTE-T U970,118,
ZTE,MF110,116,
ZTE,ZTE-T U526,115,
ZTE,U880F1,113,
ZTE,U960s3,112,201206
ZTE,NE501/NE501J,112,
ZTE,T95,109,
ZTE,ZTE-T U202,109,
ZTE,U9180,107,
ZTE,N855D+,106,
ZTE,N5S,104,201306
ZTE,ZTE-T U230,99,
ZTE,U956,98,201306
ZTE,U808,98,201306
ZTE,NX402,97,
ZTE,V790,94,201306
ZTE,U988S,91,201306
ZTE,N909D/N799D/U5S,89,
ZTE,Q701C/Q301C/GH700C,89,
ZTE,N9180,89,
ZTE,ZTE-T U830,88,
ZTE,N983,87,201206
ZTE,N855D,82,
ZTE,N880F,82,201206
ZTE,U887,80,
ZTE,Smart Tab 10,78,
ZTE,U9815,75,201306
ZTE,V9000,74,
ZTE,ZTE-C N780,73,
ZTE,ZTE-G R225,72,
ZTE,U807N,70,
ZTE,Prototype Series,69,
ZTE,U985,67,201206
ZTE,ZTE-U E880,67,
ZTE,A136G,67,
ZTE,ZTE-T A332,66,
ZTE,MF633,64,
ZTE,NX510J,64,
ZTE,Q501U,64,201306
ZTE,Q507T,63,201406
ZTE,F100,63,
ZTE,ZTE-G X993,63,
ZTE,ZTE-T U218,63,
ZTE,Z7(NX601A/NX601D/NX601J),62,
ZTE,MF30,62,
ZTE,S by SFR 116,60,
ZTE,ZTE-T U712,59,
ZTE,ZTE-T U280B,58,
ZTE,U880s2,57,
ZTE,ZTE-T U219,57,
ZTE,U818,54,201306
ZTE,MF668A,53,
ZTE,ZTE-U V881,53,
ZTE,U795+,52,201206
ZTE,ZTE-U V760,50,
ZTE,ZTE-T U210,48,
ZTE,U289,46,
ZTE,ZTE-G S500,46,
ZTE,ZTE-T U201,45,
ZTE,A21plus,44,
ZTE,ZTE-T U960,43,
ZTE,MF210,43,
ZTE,ZTE-T U733,42,
ZTE,ZTE-T U805,41,
ZTE,NE502J/NE505J,41,
ZTE,V985,40,201206
ZTE,ZTE-T U110,37,
ZTE,ZTE-T U215,35,
ZTE,San Francisco,35,
ZTE,U931,35,
ZTE,N919D,34,201306
ZTE,F160,34,
ZTE,T6,34,200906
ZTE,U286,34,
ZTE,N880G,33,
ZTE,Kis T3/Beeline C200/V808/Grand S,33,
ZTE,F188,32,200906
ZTE,MF60,32,
ZTE,A211,31,
ZTE,N988,31,201306
ZTE,MF206,28,
ZTE,A99,27,
ZTE,U788,27,
ZTE,N790,27,201206
ZTE,U970,26,201206
ZTE,U885,26,
ZTE,U5,26,201306
ZTE,N5,26,201306
ZTE,G60,25,
ZTE,V965W,24,201106
ZTE,V9800,24,
ZTE,NX512J,24,
ZTE,S2005,24,
ZTE,WP623N+,23,
ZTE,N818,23,201306
ZTE,A12,23,200506
ZTE,AC30,23,
ZTE,Q7,22,
ZTE,V961,22,201206
ZTE,I658,22,200706
ZTE,N61,21,200906
ZTE,K80,21,200706
ZTE,ZTE-T U160,21,
ZTE,ZTE-T U506,21,
ZTE,U969,21,
ZTE,ZTE-C R750,21,
ZTE,ZTE-C D610,21,
ZTE,N980,21,201306
ZTE,MF70,21,
ZTE,T900,21,
ZTE,ZTE-T U280C,21,
ZTE,MF182,21,
ZTE,MF63,20,
ZTE,ZTE-T U802,19,
ZTE,V975,19,201306
ZTE,ZTE-U X990,19,
ZTE,MF65,18,
ZTE,ME3000,17,
ZTE,E339,17,
ZTE,Q519T,17,201505
ZTE,A37,16,
ZTE,MF91S+,16,
ZTE,ZTE-U F110,16,
ZTE,Monte Carlo,16,
ZTE,F136,15,
ZTE,U788+,15,
ZTE,CHAT/TALK/S207,15,
ZTE,ZTE-T U150,14,
ZTE,F233,14,200906
ZTE,WP650,14,
ZTE,StarAddict,14,
ZTE,V788,14,201206
ZTE,A832,14,
ZTE,TA356,14,
ZTE,ZTE-T U118A,14,
ZTE,A302,14,
ZTE,F618,14,
ZTE,MG3082,14,
ZTE,V988,13,201306
ZTE,Nubia Z5(NX501),13,
ZTE,MF631,13,
ZTE,E700,12,200606
ZTE,MF66,12,
ZTE,F103,12,
ZTE,Q5-T,12,
ZTE,ZTE-U X876,12,
ZTE,WP623H,11,
ZTE,A880,11,201406
ZTE,ZTE-T U206,11,
ZTE,K66,10,
ZTE,Libra,10,201106
ZTE,N807,10,
ZTE,A136,10,200706
ZTE,N986D/D286,10,
ZTE,MF90C1,10,
ZTE,V815W/T815/Amazing A4S,10,
ZTE,Amazing A1,10,
ZTE,A933,9,
ZTE,Q801C,9,
ZTE,Q701C,8,201406
ZTE,A2,8,201606
ZTE,ZTE-T A331,8,
ZTE,MF25B/MF65+,8,
ZTE,A81,8,
ZTE,Q801T,8,
ZTE,N881E,7,201206
ZTE,ZTE-G E160,7,
ZTE,V983,7,
ZTE,F161,7,
ZTE,WP628,7,
ZTE,NX401,7,
ZTE,Maxx/Switch X2/Kis II Max,7,
ZTE,V768,7,
ZTE,G70,7,200506
ZTE,ZTE-G S300,7,
ZTE,Grand X Pro,7,
ZTE,A66,7,
ZTE,T81,7,
ZTE,V807,7,201206
ZTE,ZTE-G S203,7,
ZTE,Q2S-T,7,
ZTE,V817,7,
ZTE,MF68,7,
ZTE,MF100,7,
ZTE,V966/WP770,7,
ZTE,V6510,7,
ZTE,S521,7,
ZTE,ZTE-T U115,7,
ZTE,K70,7,200606
ZTE,Z331,7,
ZTE,BLACK O3,7,
ZTE,U980,7,200806
ZTE,S519,7,
ZTE,MF383,7,
ZTE,WP612,7,
ZTE,ZTE-G R222,7,
ZTE,V817/Blade E/R880H,7,
ZTE,K3772-Z,7,
ZTE,GD180,7,200806
ZTE,Coral 550,7,
ZTE,Turkcell Maxi Plus 5,7,
ZTE,Z990,7,
ZTE,MF91S,7,
ZTE,009Z,7,
ZTE,F616,7,
ZTE,V720,7,
ZTE,Q509C/S2016/Q7-C,7,
ZTE,008Z,7,
ZTE,A88+,7,200506
ZTE,MG3732,7,
ZTE,N919,7,201306
ZTE,A80,7,
ZTE,F105,7,200906
ZTE,MF633BP,7,
ZTE,T203,7,
ZTE,F952,7,
ZTE,MF636BP,7,
ZTE,F912,6,
ZTE,Z820,6,
ZTE,N970,6,
ZTE,V6500,6,201206
ZTE,T7,6,
ZTE,ZTE-T U806,6,
ZTE,WP623N,6,
ZTE,R286,6,
ZTE,Movistar Excellence,6,
ZTE,V879,6,
ZTE,F256,6,
ZTE,STARTAB by SFR,6,
ZTE,S2004,6,201501
ZTE,N909,6,
ZTE,Q703U/T795/V813W/V797,6,
ZTE,V6200,6,
ZTE,A3S,6,
ZTE,V9A,6,
ZTE,VIVO A699,5,
ZTE,NX508J,5,
ZTE,V9(Light Tab),5,
ZTE,V871,5,
ZTE,A3,4,
ZTE,V70,4,
ZTE,F120,4,
ZTE,Blade L3,4,
ZTE,F106,4,
ZTE,T-Mobile Vivacity,4,
ZTE,Z740,4,
ZTE,MF831,3,
ZTE,A880/B880,3,
ZTE,831FT,3,
ZTE,i7,3,
ZTE,ZTE-T U203,3,
ZTE,ZTE-U V852,3,
ZTE,ZTE-T U720,3,
ZTE,Blade S6 Plus,3,
ZTE,ZTE-T T9,3,
ZTE,MF682,2,
ZTE,Dublin,2,
ZTE,MF61,2,
ZTE,ZTE-T U600,2,
ZTE,F102,2,
ZTE,Q805T,2,201404
ZTE,Z987,2,
ZTE,U880F,2,
ZTE,MG2639,2,
ZTE,Q301T,2,
ZTE,TWM F102,2,
ZTE,Atrial,2,201106
ZTE,MTC 918,2,
ZTE,ME3960,2,
ZTE,Blade S,2,201706
ZTE,S251/S252,2,
ZTE,Z787,2,
ZTE,Z970,2,
ZTE,V883M,1,
ZTE,CG990,1,
ZTE,E308,1,
ZTE,ZTE-G X930,1,
ZTE,Z813,1,
ZTE,Beeline A102,1,
ZTE,A39,1,
ZTE,N881F,1,201306
ZTE,Z810,1,
ZTE,S522/WP659+,1,
ZTE,LEO M1/F553,1,
ZTE,Z777,1,
ZTE,Amazing A5S,1,
ZTE,R83,1,
ZTE,ZTE-G X760,1,
ZTE,003Z,1,
ZTE,X60,1,
ZTE,T20/302Z,1,
ZTE,MG3030,1,
ZTE,ZTE-G S518G,1,
ZTE,Z222,1,
ZTE,Z812,1,
ZTE,Z955L,1,
ZTE,LF152,1,
